"С какой максимальной скоростью Вы имеете право продолжить движение на легковом автомобиле с прицепом вне населенного пункта?<br><img src=""https://s.drom.ru/i24227/pdd/tickets/2016/1542608316.jpg""><br><ol><li>50 км/ч</li><li>60 км/ч</li><li>70 км/ч</li><li>80 км/ч</li><li>90 км/ч</li></ol>"	"<b>Правильный ответ: 3. 70 км/ч</b><hr>
<b>Правильный ответ: 3</b>
<br/>
            Вне населённого пункта на дорогах, кроме автомагистралей, легковому автомобилю с прицепом разрешается движение со скоростью не более 70 км/ч.
(Пункт <a href=""https://www.drom.ru/pdd/pdd/punkt_10_3/#p10_3"" target=""_blank"">10.3</a> ПДД).        "
"С какой максимальной скоростью Вы имеете право продолжить движение на легковом автомобиле?<br><img src=""https://s.drom.ru/i24227/pdd/tickets/2016/1542608340.jpg""><br><ol><li>70 км/ч</li><li>90 км/ч</li><li>110 км/ч</li></ol>"	"<b>Правильный ответ: 3. 110 км/ч</b><hr>
<b>Правильный ответ: 3</b>
<br/>
            На автомагистрали разрешается более скоростное движение. При этом допустимая максимальная скорость равна 110 км/ч.
(«Дорожные знаки» <a href=""https://www.drom.ru/pdd/pdd/sign_5_1/"" target=""_blank"">5.1</a>. «Автомагистраль», пункт <a href=""https://www.drom.ru/pdd/pdd/punkt_10_3/#p10_3"" target=""_blank"">10.3</a> ПДД)        "
С какой скоростью мотоциклам разрешается движение вне населенных пунктов на автомагистралях?<br><br><ol><li>Не более 90 км/час</li><li>Не более 110 км/час</li><li>Не более 130 км/час</li></ol>	"<b>Правильный ответ: 2. Не более 110 км/час</b><hr>
<b>Правильный ответ: 2</b>
<br/>
            Вне населенных пунктов разрешается движение мотоциклам на автомагистралях со скоростью не более 110 км/ч.
(Пункт <a href=""https://www.drom.ru/pdd/pdd/punkt_10_3/#p10_3"" target=""_blank"">10.3</a> ПДД)        "
"С какой скоростью Вы имеете право продолжить движение в населённом пункте по правой полосе?<br><img src=""https://s.drom.ru/i24227/pdd/tickets/2016/1542608479.jpg""><br><ol><li>Не более 40 км/ч</li><li>Не более 60 км/ч</li><li>Не менее 40 км/ч и не более 60 км/ч</li></ol>"	"<b>Правильный ответ: 2. Не более 60 км/ч</b><hr>
<b>Правильный ответ: 2</b>
<br/>
            Предел минимальной скорости согласно табличке распространяется только на левую полосу. По правой полосе осуществляется обычный скоростной режим для населённых пунктов – не более 60 км/ч.
(«Дорожные знаки», пункт <a href=""https://www.drom.ru/pdd/pdd/punkt_10_2/#p10_2"" target=""_blank"">10.2</a> ПДД)        "
"С какой максимальной скоростью Вы имеете право продолжить движение на легковом автомобиле?<br><img src=""https://s.drom.ru/i24227/pdd/tickets/2016/1542608504.jpg""><br><ol><li>60 км/ч</li><li>70 км/ч</li><li>90 км/ч</li><li>110 км/ч</li></ol>"	"<b>Правильный ответ: 3. 90 км/ч</b><hr>
<b>Правильный ответ: 3</b>
<br/>
            Наименование населённого пункта обозначено знаком с синим фоном. Это значит, на данном участке дороги не действуют пункты Правил, устанавливающие порядок движения в населённых пунктах. Можете продолжить движение со скоростью не более 90 км/ч.
(«Дорожные знаки», пункт <a href=""https://www.drom.ru/pdd/pdd/punkt_10_3/#p10_3"" target=""_blank"">10.3</a> ПДД)        "
К резкому торможению можно прибегнуть:<br><br><ol><li>Для остановки перед перекрестком или пешеходным переходом, когда зеленый сигнал светофора сменился на желтый</li><li>Для предотвращения дорожно-транспортного происшествия</li><li>В обоих перечисленных случаях</li></ol>	"<b>Правильный ответ: 2. Для предотвращения дорожно-транспортного происшествия</b><hr>
<b>Правильный ответ: 2</b>
<br/>
            Правилами разрешается применение резкого (экстренного) торможения только для предотвращения дорожно-транспортного происшествия. В остальных случаях используется служебное торможение.
(Пункт <a href=""https://www.drom.ru/pdd/pdd/punkt_10_5/#p10_5"" target=""_blank"">10.5</a> ПДД, «Техника управления автомобилем»)        "
"С какой максимальной скоростью Вы имеете право продолжить движение вне населенных пунктов на легковом автомобиле?<br><img src=""https://s.drom.ru/i24227/pdd/tickets/2016/1542608589.jpg""><br><ol><li>60 км/ч</li><li>90 км/ч</li><li>110 км/ч</li></ol>"	"<b>Правильный ответ: 2. 90 км/ч</b><hr>
<b>Правильный ответ: 2</b>
<br/>
            Действие происходит вне населённого пункта. После проезда знака <a href=""https://www.drom.ru/pdd/pdd/sign_3_25/"" target=""_blank"">3.25</a> «Конец зоны ограничения максимальной скорости» Вам разрешается движение с максимальной скоростью 90 км/ч.
(«Дорожные знаки», пункт <a href=""https://www.drom.ru/pdd/pdd/punkt_10_3/#p10_3"" target=""_blank"">10.3</a> ПДД)        "
Разрешается ли водителю движение со слишком малой скоростью?<br><br><ol><li>Разрешается</li><li>Разрешается, если при этом не создаются помехи другим транспортным средствам</li><li>Запрещается</li></ol>	"<b>Правильный ответ: 2. Разрешается, если при этом не создаются помехи другим транспортным средствам</b><hr>
<b>Правильный ответ: 2</b>
<br/>
            Водителю разрешается движение с относительно малой скоростью по отношению к другим транспортным средствам, если при этом не создаются помехи другим транспортным средствам.
(Пункт <a href=""https://www.drom.ru/pdd/pdd/punkt_10_5/#p10_5"" target=""_blank"">10.5</a> ПДД)        "
В каких из перечисленных случаев разрешается движение в населенных пунктах со скоростью не более 20 км/ч?<br><br><ol><li>При движении в жилых зонах и на дворовых территориях</li><li>При движении в велосипедных зонах</li><li>Во всех перечисленных случаях</li></ol>	"<b>Правильный ответ: 3. Во всех перечисленных случаях</b><hr>
<b>Правильный ответ: 3</b>
<br/>
            Во всех перечисленных случаев разрешается движение в населенных пунктах со скоростью не более 20 км/ч.
(Пункт <a href=""https://www.drom.ru/pdd/pdd/punkt_10_2/#p10_2"" target=""_blank"">10.2</a> ПДД)        "
"С какой максимальной скоростью Вы имеете право продолжить движение вне населенных пунктов на грузовом автомобиле с разрешенной максимальной массой не более 3,5 т?<br><img src=""https://s.drom.ru/i24227/pdd/tickets/2016/1542608793.jpg""><br><ol><li>60 км/ч</li><li>70 км/ч</li><li>90 км/ч</li></ol>"	"<b>Правильный ответ: 3. 90 км/ч</b><hr>
<b>Правильный ответ: 3</b>
<br/>
            Управляя грузовым автомобилем, р.м.м. которого менее 3,5 т, после места установки знака <a href=""https://www.drom.ru/pdd/pdd/sign_3_25/"" target=""_blank"">3.25</a> «Конец зоны ограничения максимальной скорости» Вы можете продолжать движение со скоростью не более 90 км/ч.
(«Дорожные знаки», пункт <a href=""https://www.drom.ru/pdd/pdd/punkt_10_3/#p10_3"" target=""_blank"">10.3</a> ПДД)        "
Каким автомобилям и в каких случаях разрешается движение вне населенных пунктов со скоростью не более 90 км/ч?<br><br><ol><li>Легковым автомобилям при буксировке прицепа на автомагистралях</li><li>Легковым автомобилям и грузовым автомобилям с разрешенной максимальной массой не более 3,5 т на всех дорогах, кроме автомагистралей</li><li>Всем перечисленным автомобилям в указанных случаях</li></ol>	"<b>Правильный ответ: 3. Всем перечисленным автомобилям в указанных случаях</b><hr>
<b>Правильный ответ: 3</b>
<br/>
            Вне населенных пунктов грузовым автомобилям с р.м.м не более 3,5 т и легковым автомобилям разрешается движение со скоростью не более 90 км/ч на всех дорогах, кроме автомагистрали, которая является более скоростной.
Легковому автомобилю, буксирующему прицеп, вне населенных пунктов разрешается движение по автомагистрали со скоростью не более 90 км/ч.
(Пункт <a href=""https://www.drom.ru/pdd/pdd/punkt_10_3/#p10_3"" target=""_blank"">10.3</a> ПДД)        "
Движение в населенном пункте со скоростью более 60 км/ч разрешается:<br><br><ol><li>Только при выполнении обгона</li><li>Только если установлены дорожные знаки, разрешающие движение со скоростью более 60 км/ч</li><li>В обоих перечисленных случаях</li></ol>	"<b>Правильный ответ: 2. Только если установлены дорожные знаки, разрешающие движение со скоростью более 60 км/ч</b><hr>
<b>Правильный ответ: 2</b>
<br/>
            В населённых пунктах скорость движения ограничена: она не должна превышать 60 км/ч. Повышенная скорость может быть введена на отдельных участках дорог путём установки знаков <a href=""https://www.drom.ru/pdd/pdd/sign_3_24/"" target=""_blank"">3.24</a> «Ограничение максимальной скорости».
(Пункт <a href=""https://www.drom.ru/pdd/pdd/punkt_10_2/#p10_2"" target=""_blank"">10.2</a> ПДД)        "
В каких случаях водителю запрещается движение со скоростью более 50 км/ч?<br><br><ol><li>При управлении мопедом</li><li>При буксировке механического транспортного средства</li><li>Если соответствующий запрет установлен дорожным знаком «Ограничение максимальной скорости»</li><li>Во всех перечисленных случаях</li></ol>	"<b>Правильный ответ: 4. Во всех перечисленных случаях</b><hr>
<b>Правильный ответ: 4</b>
<br/>
            Во всех перечисленных случаях водителю запрещается движение со скоростью более 50 км/ч.
(Пункты <a href=""https://www.drom.ru/pdd/pdd/punkt_1_2/#p1_2"" target=""_blank"">1.2</a> термин «Мопед», <a href=""https://www.drom.ru/pdd/pdd/punkt_10_4/#p10_4"" target=""_blank"">10.4</a> ПДД, знак <a href=""https://www.drom.ru/pdd/pdd/sign_3_24/"" target=""_blank"">3.24</a> «Ограничение максимальной скорости»)        "
"С какой максимальной скоростью Вы имеете право продолжить движение на грузовом автомобиле с разрешённой максимальной массой не более 3,5 т после въезда на примыкающую слева дорогу?<br><img src=""https://s.drom.ru/i24227/pdd/tickets/2016/1542609053.jpg""><br><ol><li>60 км/ч</li><li>70 км/ч</li><li>90 км/ч</li></ol>"	"<b>Правильный ответ: 1. 60 км/ч</b><hr>
<b>Правильный ответ: 1</b>
<br/>
            На всех дорогах населённого пункта, обозначенного знаком <a href=""https://www.drom.ru/pdd/pdd/sign_5_23/"" target=""_blank"">5.23.1</a> с белым фоном, разрешается движение со скоростью не более 60 км/ч.
(«Дорожные знаки», пункт <a href=""https://www.drom.ru/pdd/pdd/punkt_10_2/#p10_2"" target=""_blank"">10.2</a> ПДД)        "
"С какой максимальной скоростью разрешается продолжить движение при буксировке неисправного механического транспортного средства?<br><img src=""https://s.drom.ru/i24227/pdd/tickets/2016/1542609129.jpg""><br><ol><li>50 км/ч</li><li>70 км/ч</li><li>90 км/ч</li></ol>"	"<b>Правильный ответ: 1. 50 км/ч</b><hr>
<b>Правильный ответ: 1</b>
<br/>
            При буксировке скорость не должна превышать 50 км/ч, которая и является максимальной.
(Пункт <a href=""https://www.drom.ru/pdd/pdd/punkt_10_4/#p10_4"" target=""_blank"">10.4</a> ПДД)        "
"С какой максимальной скоростью Вы имеете право продолжить движение на легковом автомобиле с прицепом?<br><img src=""https://s.drom.ru/i24227/pdd/tickets/2016/1542609153.jpg""><br><ol><li>50 км/ч</li><li>70 км/ч</li><li>90 км/ч</li><li>110 км/ч</li></ol>"	"<b>Правильный ответ: 3. 90 км/ч</b><hr>
<b>Правильный ответ: 3</b>
<br/>
            На автомагистралях это значение скорости равно 90 км/ч, на остальных дорогах 70 км/ч. Действие, согласно знаку <a href=""https://www.drom.ru/pdd/pdd/sign_5_1/"" target=""_blank"">5.1</a>, происходит на «Автомагистрали».
(Пункт <a href=""https://www.drom.ru/pdd/pdd/punkt_10_3/#p10_3"" target=""_blank"">10.3</a> ПДД)        "
С какой максимальной скоростью разрешается движение транспортных средств в жилых зонах, велосипедных зонах и на дворовых территориях?<br><br><ol><li>10 км/ч</li><li>20 км/ч</li><li>40 км/ч</li></ol>	"<b>Правильный ответ: 2. 20 км/ч</b><hr>
<b>Правильный ответ: 2</b>
<br/>
            Движение в жилой зоне, на дворовых территориях имеет ряд ограничений. К таким ограничениям относится и скорость, которая не должна превышать 20 км/ч.
(Пункт <a href=""https://www.drom.ru/pdd/pdd/punkt_10_2/#p10_2"" target=""_blank"">10.2</a> ПДД)        "
